<?xml version="1.0" encoding="UTF-8"?>
<!DOCTYPE hibernate-configuration PUBLIC
		"-//Hibernate/Hibernate Configuration DTD 3.0//EN"
		"http://hibernate.sourceforge.net/hibernate-configuration-3.0.dtd">

<hibernate-configuration>
	<session-factory>
		<property name="hibernate.connection.driver_class">com.mysql.jdbc.Driver</property>
		<property name="hibernate.connection.password">chuman</property>
		<property name="hibernate.connection.url">jdbc:mysql://localhost:3306/mapping</property>
		<property name="hibernate.connection.username">root</property>
		<property name="show_sql">true</property>

		<property name="dialect">org.hibernate.dialect.MySQLDialect</property>
		<property name="hibernate.current_session_context_class">thread</property>
		<property name="hbm2ddl.auto">update</property>


		<mapping resource="com/otomoto/entity/Account.hbm.xml" />
		<mapping resource="com/otomoto/entity/Organization.hbm.xml" />
	</session-factory>
</hibernate-configuration>
