<?xml version="1.0"?>
<!DOCTYPE hibernate-mapping PUBLIC "-//Hibernate/Hibernate Mapping DTD 3.0//EN"
"http://hibernate.sourceforge.net/hibernate-mapping-3.0.dtd">
<hibernate-mapping package="com.cp.entity">
	<class name="ProjectAssignment" table="ProjectAssignment">
		<composite-id name="id">
			<key-property name="assigNo" column="assig_no"/>
			<key-property name="resourceNo" column="resource_no"/>
		</composite-id>
		<property name="startingDate" column="sDate"></property>
		<property name="endDate" column="eDate"></property>
		<property name="name"></property>
		<property name="mobileNo" column="Mob_no"></property>
		<property name="emailAddress" column="EMAIL_ADD"></property>
	</class>
</hibernate-mapping>