<?xml version="1.0"?>
<!DOCTYPE hibernate-mapping PUBLIC "-//Hibernate/Hibernate Mapping DTD 3.0//EN"
"http://hibernate.sourceforge.net/hibernate-mapping-3.0.dtd">
<hibernate-mapping package="com.stock.entity">
	<class name="StockDetails" table="STOCK_DETAILS">
		<id name="stockId" column="STOCK_ID">
			<generator class="foreign">
				<param name="property">stock</param>
			</generator>
		</id>
		<property name="companyName" column="COMPANY_NAME"/>
		<property name="companyDesc" column="COMPANY_DESC"/>
		<property name="remark" column="REMARK"/>
		<property name="listingDate" column="LISTNG_DATE"/>
		<one-to-one name="stock" class="com.stock.entity.Stock"/>
	</class>
</hibernate-mapping>