<?xml version="1.0"?>
<!DOCTYPE hibernate-mapping PUBLIC "-//Hibernate/Hibernate Mapping DTD 3.0//EN"
"http://hibernate.sourceforge.net/hibernate-mapping-3.0.dtd">
<hibernate-mapping package="com.otob.entity">
    <class name="Stock" table="STOCKS">
        <id name="stockId" column="STOCKS_ID" >
            <generator class="increment" />
        </id>
        <property name="stockCode" column="STOCK_CODE" />
        <property name="stockName" column="STOCK_NAME" />
        <one-to-one name="stockDetails" class="com.otob.entity.StockDetails"/>
    </class>
</hibernate-mapping>
