<?xml version="1.0"?>
<!DOCTYPE hibernate-mapping PUBLIC "-//Hibernate/Hibernate Mapping DTD 3.0//EN"
"http://hibernate.sourceforge.net/hibernate-mapping-3.0.dtd">
<hibernate-mapping package="com.otob.entity">
    <class name="StockDetails" table="STOCKS_DETAILS">
        <id name="stockId" column="STOCKS_ID" >
            <generator class="foreign" >
            <param name="property">stock</param>
            </generator>
        </id>
        <property name="companyName" column="COMPANY_NAME" />
        <property name="companyDesc" column="COMPANY_DESCR" />
        <property name="remark" column="REMARK_S" />
        <property name="listingDate" column="LISTING_DATE" />
        <one-to-one name="stock" class="com.otob.entity.Stock"/>
    </class>
</hibernate-mapping>
