<? xml version="1.0" encoding="UTF-8" ?>                                                                                                                                                                                                                                                                                                                     <? xml version="1.0" encoding="UTF-8" ?>
<entity-mappings xmlns="http://java.sun.com/xml/ns/persistence/orm"
	xmlns:xsi="http://www.w3.org/2001/XMLSchema-instance"
	xsi:schemaLocation="http://java.sun.com/xml/ns/persistence/orm    
   http://java.sun.com/xml/ns/persistence/orm_1_0.xsd"
	version="1.0">
	<entity class="com.jpa.entity.Advisor">
	<table name="advisor"/>
	<attributes>
	<id name="advisorNo"><column name="ADVISOR_NO"/></id>
	<basic name="firstName"><column name="FIRST_NM"/></basic>
	<basic name="lastName"><column name="LAST_NM"/></basic>
	<basic name="qualification"><column name="QUALIFICATION"/></basic>
	<basic name="experience"><column name="EXPERIENCE"/></basic>
	<basic name="contactNo"><column name="CONTACT_NO"/></basic>
	<basic name="emailAddress"><column name="EMAIL_ADDRESS"/></basic>
	</attributes>
	</entity>
   