<?xml version="1.0"?>
<!DOCTYPE hibernate-mapping PUBLIC "-//Hibernate/Hibernate Mapping DTD 3.0//EN"
"http://hibernate.sourceforge.net/hibernate-mapping-3.0.dtd">
<!-- Generated 3 Nov, 2017 1:30:07 AM by Hibernate Tools 3.5.0.Final -->
<hibernate-mapping package="com.sp.entity">
    <class name="Blog" table="BLOG">
        <id name="blogNo" type="int">
            <column name="BLOG_NO" />
            <generator class="increment" />
        </id>
        <property name="titleBlog" type="java.lang.String">
            <column name="TITLEBLOG" />
        </property>
        <property name="description" type="java.lang.String">
            <column name="DESCRIPTION" />
        </property>
        <many-to-one name="sysUser" class="com.sp.entity.SysUser" cascade="save-update">
            <column name="SYSUSER" />
        </many-to-one>
        <set name="userBlogs" table="USERBLOG" cascade="save-update">
            <key>
                <column name="BLOG_NO" />
            </key>
            <one-to-many class="com.sp.entity.UserBlog" />
        </set>
    </class>
</hibernate-mapping>
