<?xml version="1.0"?>
<!DOCTYPE hibernate-mapping PUBLIC "-//Hibernate/Hibernate Mapping DTD 3.0//EN"
"http://hibernate.sourceforge.net/hibernate-mapping-3.0.dtd">
<!-- Generated 3 Nov, 2017 1:30:07 AM by Hibernate Tools 3.5.0.Final -->
<hibernate-mapping>
    <class name="com.sp.entity.SysUser" table="SYSUSER">
        <id name="mailId" type="java.lang.String">
            <column name="MAILID" />
            <generator class="assigned" />
        </id>
        <property name="user_Id" type="int">
            <column name="USER_ID" />
        </property>
        <property name="user_Name" type="java.lang.String">
            <column name="USER_NAME" />
        </property>
        <set name="blogs" table="BLOG" cascade="save-update">
            <key>
                <column name="SYSTEM_USER_ID" />
            </key>
            <one-to-many class="com.sp.entity.Blog" />
        </set>
        <set name="userBlogs" table="USERBLOG" cascade="save-update">
            <key>
                <column name="BLOG_USER_ID" />
            </key>
            <one-to-many class="com.sp.entity.UserBlog" />
        </set>
    </class>
</hibernate-mapping>
