<?xml version="1.0"?>
<!DOCTYPE hibernate-mapping PUBLIC "-//Hibernate/Hibernate Mapping DTD 3.0//EN"
"http://hibernate.sourceforge.net/hibernate-mapping-3.0.dtd">
<!-- Generated 3 Nov, 2017 1:30:07 AM by Hibernate Tools 3.5.0.Final -->
<hibernate-mapping>
    <class name="com.sp.entity.UserBlog" table="USERBLOG">
        <id name="blogPk" type="com.sp.entity.UserBlogPk">
            <column name="BLOG_PK" />
            <generator class="increment" />
        </id>
        <property name="Rating" type="java.lang.String">
            <column name="RATING" />
        </property>
        <property name="commite" type="java.lang.String">
            <column name="COMMITE" />
        </property>
    </class>
</hibernate-mapping>
