<?xml version="1.0"?>
<!DOCTYPE hibernate-mapping PUBLIC "-//Hibernate/Hibernate Mapping DTD 3.0//EN"
"http://hibernate.sourceforge.net/hibernate-mapping-3.0.dtd">
<hibernate-mapping package="com.mtom.entity">
	<class name="Candidate" table="CANDIDATE">
		<id name="candidateNo" column="CANDIDATE_NO">
			<generator class="increment" />
		</id>
		<property name="candidateName" column="CANDIDATENAME" />
		<property name="qualification" column="QUALIFICATION" />
		<property name="experiance" column="EXPERIANCE" />
		<property name="age" column="AGE" />
		<set name="jobs" table="APPLIEDJOB">
			<key column="APPLIED_CANDIDATES" />
			<many-to-many column="APPLIED_JOB_NO" class="Job" />
		</set>
	</class>
</hibernate-mapping>
