<?xml version="1.0"?>
<!DOCTYPE hibernate-mapping PUBLIC "-//Hibernate/Hibernate Mapping DTD 3.0//EN"
"http://hibernate.sourceforge.net/hibernate-mapping-3.0.dtd">
<hibernate-mapping package="com.mtom.entity">
	<class name="Job" table="JOB">
		<id name="jobNo" column="JOB_NO">
			<generator class="increment" />
		</id>
		<property name="title" column="TITLE" />
		<property name="desciption" column="DESCIPTION" />
		<property name="qualificaton" column="QUALIFICATON" />
		<property name="experiance" column="EXPERIANCE" />
		<set name="candidates" table="APPLIEDJOB">
			<key column="APPLIED_JOB_NO" />
			<many-to-many column="APPLIED_CANDIDATES" class="Candidate" />
		</set>
	</class>
</hibernate-mapping>
