<?xml version="1.0" encoding="UTF-8"?>
<!DOCTYPE hibernate-configuration PUBLIC
		"-//Hibernate/Hibernate Configuration DTD 3.0//EN"
		"http://hibernate.sourceforge.net/hibernate-configuration-3.0.dtd">
<hibernate-configuration>
    <session-factory>
        <property name="connection.driver_class">com.mysql.jdbc.Driver</property>
        <property name="connection.url">jdbc:mysql://localhost:3306/tools</property>
        <property name="connection.username">root</property>
        <property name="connection.password">chuman</property>
        <property name="hibernate.show_sql">true</property>
        <property name="hibernate.dialect">org.hibernate.dialect.MySQLDialect</property>
        <property name="hibernate.hbm2ddl.auto">update</property>
        
        <!-- <mapping resource="com/tph/entity/Account.hbm.xml"/>
        <mapping resource="com/tph/entity/CurrentAccount.hbm.xml"/>
        <mapping resource="com/tph/entity/SavingAccount.hbm.xml"/> -->
        
        <mapping class="com.tph.entity.Account"/>
        <mapping class="com.tph.entity.CurrentAccount"/>
        <mapping class="com.tph.entity.SavingAccount"/>
    </session-factory>
</hibernate-configuration>
