<?xml version="1.0" encoding="UTF-8"?>
<!DOCTYPE hibernate-mapping PUBLIC "-//Hibernate/Hibernate Mapping DTD 3.0//EN"
                                   "http://hibernate.sourceforge.net/hibernate-mapping-3.0.dtd">
<hibernate-mapping>
 <class name="com.hfpo.entity.Mechanic" table="MECHANIC">
  <id column="MECHANIC_NO" name="mechanic_No"/>
  <property column="FIRST_NM" generated="never" lazy="false" name="firstName"/>
  <property column="LAST_NM" generated="never" lazy="false" name="lastName"/>
  <property column="SPECIALIZATION" generated="never" lazy="false" name="specialization"/>
  <property column="EXPERIENCE" generated="never" lazy="false" name="experience"/>
  <property column="CONTACT_NO" generated="never" lazy="false" name="contactNo"/>
  <property column="EMAIL_ADDRESS" generated="never" lazy="false" name="emailAddress"/>
 </class>
</hibernate-mapping>
