<?xml version="1.0"?>
<!DOCTYPE hibernate-mapping PUBLIC "-//Hibernate/Hibernate Mapping DTD 3.0//EN"
"http://hibernate.sourceforge.net/hibernate-mapping-3.0.dtd">
<!-- Generated 26 Oct, 2017 4:35:21 PM by Hibernate Tools 3.5.0.Final -->
<hibernate-mapping>
    <class name="com.otml.entities.Project" table="PROJECT">
        <id name="projectNo" >
            <column name="PROJECTNO" />
            <generator class="increment" />
        </id>
        <property name="projectName" >
            <column name="PROJECTNAME" />
        </property>
        <property name="assgingDate" >
            <column name="ASSGINGDATE" />
        </property>
        <property name="dProject" >
            <column name="DPROJECT" />
        </property>
        <list name="rsources" inverse="false" table="RSOURCES" lazy="true" >
            <key>
                <column name="PROJECTNO" not-null="false"/>
            </key>
            <list-index column="A_NO"/>
            <one-to-many class="com.otml.entities.Rsources" />
        </list>
    </class>
</hibernate-mapping>
