<?xml version="1.0"?>
<!DOCTYPE hibernate-mapping PUBLIC "-//Hibernate/Hibernate Mapping DTD 3.0//EN"
"http://hibernate.sourceforge.net/hibernate-mapping-3.0.dtd">
<!-- Generated 26 Oct, 2017 4:35:21 PM by Hibernate Tools 3.5.0.Final -->
<hibernate-mapping>
    <class name="com.otml.entities.Rsources" table="RSOURCES">
        <id name="rsourcesNo" >
            <column name="rsourcesNo" />
            <generator class="increment" />
        </id>
        <property name="resourcesName" >
            <column name="RESOURCESNAME" />
        </property>
        <property name="startingDate" >
            <column name="STARTINGDATE" />
        </property>
        <property name="contactNo" >
            <column name="CONTACTNO" />
        </property>
        <property name="emailId" >
            <column name="EMAIL_ID" />
        </property>
    </class>
</hibernate-mapping>
