<?xml version="1.0"?>
<!DOCTYPE hibernate-mapping PUBLIC "-//Hibernate/Hibernate Mapping DTD 3.0//EN"
"http://hibernate.sourceforge.net/hibernate-mapping-3.0.dtd">

<hibernate-mapping>
	<class name="com.otomoto.entity.Account" table="ACCOUNT">
		<id name="accountId" type="int">
			<column name="ACCOUNTID" />
			<generator class="increment" />
		</id>
		<property name="openDate" type="java.util.Date">
			<column name="OPENDATE" />
		</property>
		<property name="contactPerson" type="java.lang.String">
			<column name="CONTACTPERSON" />
		</property>
		<property name="contNumber" type="java.lang.String">
			<column name="CONTNUMBER" />
		</property>
		<property name="emailAddress" type="java.lang.String">
			<column name="EMAILADDRESS" />
		</property>
		<many-to-one name="organization" class="com.otomoto.entity.Organization"
			unique="true" not-null="true" column="ORGANIZATION" />
	</class>
</hibernate-mapping>
