<?xml version="1.0"?>
<!DOCTYPE hibernate-mapping PUBLIC "-//Hibernate/Hibernate Mapping DTD 3.0//EN"
"http://hibernate.sourceforge.net/hibernate-mapping-3.0.dtd">
<!-- Generated 22 Oct, 2017 10:15:59 PM by Hibernate Tools 3.5.0.Final -->
<hibernate-mapping package="com.otomoto.entity">
	<class name="Organization" table="ORGANIZATION">
		<id name="orgId">
			<column name="ORGID" />
			<generator class="increment" />
		</id>
		<property name="orgName">
			<column name="ORGNAME" />
		</property>
		<property name="desc">
			<column name="DESCR" />
		</property>
		<property name="estDate">
			<column name="ESTDATE" />
		</property>
		<property name="bussinessType">
			<column name="BUSSINESSTYPE" />
		</property>
	</class>
</hibernate-mapping>
