<?xml version="1.0" encoding="UTF-8"?>
<!DOCTYPE hibernate-mapping PUBLIC "-//Hibernate/Hibernate Mapping DTD 3.0//EN"
"http://hibernate.sourceforge.net/hibernate-mapping-3.0.dtd">
<hibernate-mapping package="com.lg.entity">
<class name="Address" table="address">
<id name="addresNo" column="ADDRESS_ID"/>
<property name="addressLine1" column="ADDRESS_LINE1"/>
<property name="addressLine2" column="ADDRESS_LINE2"/>
<property name="city" column="CITY"/>
<property name="state"/>
<property name="zip"/>
<property name="country"/>
</class>
</hibernate-mapping>