<?xml version="1.0" encoding="UTF-8"?>
<!DOCTYPE hibernate-configuration PUBLIC
		"-//Hibernate/Hibernate Configuration DTD 3.0//EN"
		"http://hibernate.sourceforge.net/hibernate-configuration-3.0.dtd">
<hibernate-configuration>
    <session-factory>
        <property name="connection.driver_class">com.mysql.jdbc.Driver</property>
        <property name="connection.url">jdbc:mysql://localhost:3306/tools</property>
        <property name="connection.username">root</property>
        <property name="connection.password">chuman</property>
        <property name="hibernate.show_sql">true</property>
        
        <property name="hibernate.dialect">org.hibernate.dialect.MySQLDialect</property>
        <property name="hibernate.hbm2ddl.auto">update</property>
        <property name="format_sql">true</property>
        
        <mapping resource="com/tpc/entity/Account.hbm.xml"/>
        <mapping resource="com/tpc/entity/CurrentAccount.hbm.xml"/>
        <mapping resource="com/tpc/entity/SavingAccount.hbm.xml"/>
    </session-factory>
</hibernate-configuration>
