<?xml version="1.0"?>
<!DOCTYPE hibernate-mapping PUBLIC "-//Hibernate/Hibernate Mapping DTD 3.0//EN"
"http://hibernate.sourceforge.net/hibernate-mapping-3.0.dtd">
<hibernate-mapping package="com.oto.entity">
    <class name="Account" table="ACCOUNT">
        <id name="accountId" column="ACCOUNT_ID" >
            <generator class="increment" />
        </id>
        <property name="openDate" column="OPEN_DATE" />
        <property name="contactPerson" column="CONTACT_PERSON" />
        <property name="contNumber" column="CONT_NUMBER" />
        <property name="emailAddress" column="EMAIL_ADDRESS" />
        <many-to-one name="organization" class="Organization" column="ORGANIZATION" />
    </class>
</hibernate-mapping>
