<?xml version="1.0"?>
<!DOCTYPE hibernate-mapping PUBLIC "-//Hibernate/Hibernate Mapping DTD 3.0//EN"
"http://hibernate.sourceforge.net/hibernate-mapping-3.0.dtd">
<hibernate-mapping package="com.oto.entity">
    <class name="Organization" table="ORGANIZATION">
        <id name="orgId" type="int">
            <column name="ORG_ID" />
            <generator class="increment" />
        </id>
        <property name="orgName" column="ORG_NAME" />
        <property name="desc" column="DESCR" />
        <property name="estDate" column="EST_DATE" />
        <property name="bussinessType" column="BUSSINESSTYPE" />
        <set name="account" table="ACCOUNT">
            <key>
                <column name="ORG_ID" />
            </key>
            <one-to-many class="com.oto.entity.Account" />
        </set>
    </class>
</hibernate-mapping>
