<?xml version="1.0" encoding="UTF-8" standalone="no"?>
<!-- Generated 3 Sep, 2017 2:20:54 AM by Hibernate Tools 5.2.5.Final --><!DOCTYPE hibernate-mapping PUBLIC "-//Hibernate/Hibernate Mapping DTD 3.0//EN" "http://www.hibernate.org/dtd/hibernate-mapping-3.0.dtd">
<hibernate-mapping auto-import="true" default-access="property" default-cascade="none" default-lazy="true">
    <class catalog="tools" dynamic-insert="false" dynamic-update="false" mutable="true" name="com.hb.entity.Mechanic" optimistic-lock="version" polymorphism="implicit" select-before-update="false" table="mechanic">
        <id name="mechanicNo" type="int">
            <column name="MECHANIC_NO"/>
            <generator class="assigned"/>
        </id>
        <property generated="never" lazy="false" name="firstNm" optimistic-lock="true" type="string" unique="false">
            <column name="FIRST_NM" length="20"/>
        </property>
        <property generated="never" lazy="false" name="lastNm" optimistic-lock="true" type="string" unique="false">
            <column name="LAST_NM" length="20"/>
        </property>
        <property generated="never" lazy="false" name="specialization" optimistic-lock="true" type="string" unique="false">
            <column name="SPECIALIZATION" length="10"/>
        </property>
        <property generated="never" lazy="false" name="experience" optimistic-lock="true" type="java.lang.Integer" unique="false">
            <column name="EXPERIENCE" length="5"/>
        </property>
        <property generated="never" lazy="false" name="contactNo" optimistic-lock="true" type="java.lang.Integer" unique="false">
            <column name="CONTACT_NO" length="12"/>
        </property>
        <property generated="never" lazy="false" name="emailAddress" optimistic-lock="true" type="string" unique="false">
            <column name="EMAIL_ADDRESS" length="20"/>
        </property>
    </class>
</hibernate-mapping>
