<?xml version="1.0"?>
<!DOCTYPE hibernate-mapping PUBLIC "-//Hibernate/Hibernate Mapping DTD 3.0//EN"
"http://hibernate.sourceforge.net/hibernate-mapping-3.0.dtd">
<hibernate-mapping package="com.idg.entity">
	<class name="Appointment" table="APPOINTMENT">
		<id name="appointmentNo" column="APPOINTMENT_NO">
		<!-- <generator class="uuid"> -->
		<generator class="select">
		<param name="key">mobileNo</param>
		</generator>
		</id>
		<property name="appDate" column="APPOINTMENT_DATE"/>
		<property name="doctorName" column="DOCTOR_NM"/>
		<property name="patientName" column="PATIENT_NM" />
		<property name="mobileNo" column="MOBILE_NO"/>
		<property name="emailAddress" column="EMAIL_ADD"/>
	</class>
</hibernate-mapping>