<?xml version="1.0"?>
<!DOCTYPE hibernate-mapping PUBLIC "-//Hibernate/Hibernate Mapping DTD 3.0//EN"
"http://hibernate.sourceforge.net/hibernate-mapping-3.0.dtd">
<hibernate-mapping package="com.flc.entity">
	<class name="Product" table="PRODUCT">
		<id name="productNo" column="Product_No">
		<generator class="increment"/>
		</id>
		<property name="productName" column="Product_NM" />
		<property name="productDesc" column="Product_Desc" />
		<property name="price" column="Price" />
	</class>
</hibernate-mapping>