<?xml version="1.0"?>
<!DOCTYPE hibernate-mapping PUBLIC "-//Hibernate/Hibernate Mapping DTD 3.0//EN"
"http://hibernate.sourceforge.net/hibernate-mapping-3.0.dtd">
<hibernate-mapping package="com.otm.entities">
    <class name="Project" table="PROJECT">
        <id name="projectNo" column="PROJECT_NO" >
            <generator class="increment" />
        </id>
        <property name="projectName" column="PROJECT_NAME" />
        <property name="assgingDate" column="ASSGING_DATE" />
        <property name="descProject" column="DESC_PROJECT" />
        <set name="resources" table="RESOURCES" >
            <key>
                <column name="PROJECTNO" not-null="false"/>
            </key>
            <one-to-many class="com.otm.entities.Resources" />
        </set>
    </class>
</hibernate-mapping>
