<?xml version="1.0"?>
<!DOCTYPE hibernate-mapping PUBLIC "-//Hibernate/Hibernate Mapping DTD 3.0//EN"
"http://hibernate.sourceforge.net/hibernate-mapping-3.0.dtd">
<hibernate-mapping package="com.otm.entities">
    <class name="Resources" table="RESOURCES">
        <id name="resourcesNo" column="RESOURCES_NO" >
            <generator class="increment" />
        </id>
        <property name="resourcesName" column="RESOURCES_NAME" />
        <property name="startingDate" column="STARTING_DATE" />
        <property name="contactNo" column="CONTACT_NO" />
        <property name="emailId" column="EMAIL_ID"></property>
    </class>
</hibernate-mapping>
