<?xml version="1.0"?>
<!DOCTYPE hibernate-mapping PUBLIC "-//Hibernate/Hibernate Mapping DTD 3.0//EN"
                                   "http://hibernate.sourceforge.net/hibernate-mapping-3.0.dtd">
<hibernate-mapping>
	<class name="com.mtoml.entity.Game" table="GAME">
		<id name="gameNo" type="int">
			<column name="GAME_NO" />
			<generator class="increment" />
		</id>
		<property  name="gameName" type="java.lang.String">
			<column name="GAMENAME" />
		</property>
		<property name="description" type="java.lang.String">
			<column name="DESCRIPTION" />
		</property>
		<list name="Players" table="PARTICIPANTS" inverse="true">
			<key column="GAME_NO"></key>
			<list-index column="PLAYER_ORDER" />
			<many-to-many column="PLAYER_NO" class="com.mtoml.entity.Player"/>
		</list>
	</class>
</hibernate-mapping>
