<?xml version="1.0"?>
<!DOCTYPE hibernate-mapping PUBLIC "-//Hibernate/Hibernate Mapping DTD 3.0//EN"
"http://hibernate.sourceforge.net/hibernate-mapping-3.0.dtd">
<hibernate-mapping>
    <class name="com.mtoml.entity.Player" table="PLAYER">
        <id name="playerNo" type="int">
            <column name="PLAYER_NO" />
            <generator class="increment" />
        </id>
        <property name="playerName" type="java.lang.String">
            <column name="PLAYERNAME" />
        </property>
        <property name="age" type="int">
            <column name="AGE" />
        </property>
        <property name="gender" type="java.lang.String">
            <column name="GENDER" />
        </property>
        <bag name="Games" table="PARTICIPANTS" >
		  <key column="PLAYER_NO"/>
		  <many-to-many column="GAME_NO" class="com.mtoml.entity.Game"></many-to-many>
		</bag>
    </class>
</hibernate-mapping>
