<?xml version="1.0"?>
<!DOCTYPE hibernate-mapping PUBLIC "-//Hibernate/Hibernate Mapping DTD 3.0//EN"
"http://hibernate.sourceforge.net/hibernate-mapping-3.0.dtd">
<hibernate-mapping package="com.oto.entity">
    <class name="Candidate" table="CANDIDATE">
        <id name="candidateNo" type="int">
            <column name="CANDIDATE_NO" />
            <generator class="increment" />
        </id>
        <property name="candidateName" column="CANDIDATE_NAME" />
        <property name="appireDate" column="APPIRE_DATE" />
        <property name="contactNo" column="CONTACT_NO" />
        <property name="emailAddress" column="EMAIL_ADDRESS" />
        <one-to-one name="report" class="com.oto.entity.Report"></one-to-one>
    </class>
</hibernate-mapping>
