<?xml version="1.0"?>
<!DOCTYPE hibernate-mapping PUBLIC "-//Hibernate/Hibernate Mapping DTD 3.0//EN"
"http://hibernate.sourceforge.net/hibernate-mapping-3.0.dtd">
<hibernate-mapping package="com.oto.entity">
	<class name="Report" table="REPORT">
	<id name="candidateNo" column="CANDIDATE_NO">
		<generator class="foreign">
			<param name="property">candidate</param>
		</generator>
	</id>
	<property name="result" column="RESULT"/>
	<property name="comment" column="COMMENT"/>
	<property name="remark" column="REMARK"/>
	<one-to-one name="candidate" class="com.oto.entity.Candidate"/>
	</class>
</hibernate-mapping>